"","Date","TrancheID","Mgr","REDate","Price","Yield","DM","CpnRate","NAV","WAS","WAL","MVOC","JPM_DM","T2R"
"6",2018-05-24,"OCP_14-5.DR","Onex Credit Partners LLC",2023-04-26,99.3436956183416,0.0933272499604561,0.0637522779029018,5.7,34.3995000516405,3.30307369285947,4.30128959692138,106.982564165759,543.469081959084,4.92265571526352
"39",2018-05-25,"TCWR13-1.DR","THL Credit Senior Loan Strategies LLC",2022-07-20,100.429196076298,0.0973182213323417,0.0681390729193982,6.3,46.02618261214,3.60302,3.3117,105.706595792477,542.534486713767,4.1533196440794
"59",2018-05-25,"ARES_33.D","Ares Management, LLC",2019-03-05,102.174995756478,0.0782192859567727,0.0518392961412244,6.23,54.9464258311644,3.32422171381691,0.00124048885368338,106.591236992192,541.984095241598,0.777549623545517
"61",2018-05-25,"MRTHN10.D","Marathon Asset Management LP",2021-11-15,100.099991512957,0.0968200033948173,0.0681400396062012,6.37,73.9907237603259,3.85923,2.4353,107.972256115197,541.984095241598,3.47707049965777
"64",2018-05-24,"VOYA14-2.DR","Voya Investment Management (ING)",2022-04-18,101.125,0.0952666490635786,0.0663333396201505,6.3,42.5442107202806,3.29095,2.6568,106.459631004696,541.913112247977,3.90143737166324
"66",2018-05-25,"BLUM13-2.ER","BlueMountain Capital Management LLC",2022-10-24,102.031247347874,0.0922249837336275,0.0632750106085038,6.3,47.3704869628561,3.12319,3.8651,106.597873656963,542.058558517921,4.41615331964408
"80",2018-05-25,"VENT_16.ERR","MJX Asset Management LLC",2020-01-15,97.5,0.1031,0.0761,5.03,47.8688,3.77738,0.7791,105.1457,542.2639,1.64271047227926
"81",2018-06-01,"ARES_33.D","Ares Management, LLC",2019-03-05,101.796871907078,0.0697750558493341,0.0438000551423805,6.23,53.5609272827532,3.32085,0.007,106.470600236122,543.679111724118,0.758384668035592
"82",2018-05-30,"ARPT16-5.E","Arrowpoint Asset Management LLC",2020-07-15,100.654165133181,0.103470838652753,0.0774041563982919,6.95,81.9247459913464,3.5961,1.0504,107.887349828908,542.616251882017,2.12731006160164
"83",2018-05-30,"ATLASF10.E","Crescent Capital Group LP",2023-01-17,99.3793027218461,0.0930142874239982,0.0657857040920788,5.7,46.76,3.42751,3.538,106.942799937785,542.616251882017,4.63518138261465
"84",2018-05-30,"ATRIUM13.E","Credit Suisse Asset Management",2022-11-21,101.727497242725,0.0898249992930064,0.0626249851531348,6.05,84.4339455105908,3.54198,2.8538,108.585149554594,542.616251882017,4.47912388774812
"85",2018-06-01,"BLUM13-2.ER","BlueMountain Capital Management LLC",2022-10-24,101.531242046772,0.093125033226819,0.0654249950513248,6.3,46.1770010321522,3.12319,3.8651,106.487375146339,543.679111724118,4.39698836413415
"86",2018-05-29,"ELEV17-6.E","ArrowMark Colorado Holdings, LLC",2021-10-15,101.6375,0.0961125,0.0698,6.6,62.0347,3.6541,2.1273,108.0164,542.5497,3.38124572210815
"87",2018-05-30,"HYPOCLO.ER","Neuberger Berman Fixed Income LLC",2022-04-22,101.5,0.095499991516077,0.0684999773762054,6.55,48.9938956873392,3.17523,2.4361,105.790399493793,542.616251882017,3.89596167008898
"88",2018-06-14,"MRTHN10.D","Marathon Asset Management LP",2021-11-15,99.75,0.0990730911557913,0.0707546816537149,6.37,73.0869026633362,3.81669835697545,2.49177241889725,107.865260645121,544.762088565951,3.42231348391513
"89",2018-05-30,"NB_XV.ER","Neuberger Berman Fixed Income LLC",2022-10-17,102.75,0.094899991516077,0.0676999773762054,6.75,43.0230947823874,3.19021,3.3853,106.825949438647,542.616251882017,4.38329911019849
"90",2018-05-30,"OCP_14-5.DR","Onex Credit Partners LLC",2023-04-26,99.3103878053562,0.0924286031277396,0.0651393050988377,5.7,33.1561460083142,3.30751,4.2626,106.804149430163,542.616251882017,4.90622861054073
"91",2018-05-30,"OCT_33.D","Octagon Credit Investors, LLC",2023-01-20,102.25,0.091299991516077,0.0640999773762054,6.3,82.0055476117757,3.68301,3.1034,109.101899736998,542.616251882017,4.64339493497604
"92",2018-05-30,"RACE_PT9.DR","Bain Capital Credit",2022-10-17,102.684641309714,0.0967428509600973,0.0695428368202257,6.9,48.8337473911937,3.3951,3.1783,106.787649653573,542.616251882017,4.38329911019849
"93",2018-05-30,"STLC141R.E","Steele Creek Investment Management",2022-04-21,99.3791785660587,0.0954791146856707,0.0684541012527926,5.75,60.438998297178,3.73935,3.0807,107.025799225135,542.616251882017,3.89322381930185
"94",2018-05-29,"STLCK151.E2R","Steele Creek Investment Management",2021-05-21,101.825,0.0912,0.065,6.61,62.8048,3.73245,2.0536,108.8015,542.5497,2.97878165639973
"95",2018-06-14,"TCWR13-1.DR","THL Credit Senior Loan Strategies LLC",2022-07-20,100,0.09926394730891,0.0707091777681839,6.3,45.3985520275688,3.59790019777147,3.30533434891657,105.609019568994,544.762088565951,4.09856262833676
"96",2018-05-29,"TCWR14-2.ER","THL Credit Senior Loan Strategies LLC",2023-01-17,97.125,0.1002375,0.0734375,5.75,28.5147,3.58206,3.9135,105.6971,542.5497,4.63791923340178
"97",2018-05-30,"VENT_16.ERR","MJX Asset Management LLC",2020-01-15,97.5,0.103699997172026,0.0773499901020899,5.03,47.0852925171799,3.77738,0.7791,105.061499194027,542.616251882017,1.6290212183436
"98",2018-05-30,"VOYA14-2.DR","Voya Investment Management (ING)",2022-04-18,100.9625,0.0949499901020899,0.0679999773762054,6.3,41.4660483781567,3.29095,2.6568,106.347749834564,542.616251882017,3.88501026694045
"99",2018-05-31,"AMMC_19.E","American Money Management Corporation",2021-01-15,102.304997313576,0.0962250162599327,0.0692000113112575,7,69.4393493029438,3.3038,1.3942,107.690449927891,543.688478437915,2.62833675564682
"100",2018-06-01,"BENEFIT4.DR","Benefit Street Partners LLC",2021-01-20,102.576996229687,0.0977400418504694,0.0704733601025525,7.25,60.0466427440335,3.36015,1.6009,106.710701078309,544.055539716472,2.63928815879535
"101",2018-06-06,"CIFC13-I.DR","CIFC Asset Management LLC",2022-07-18,101.693736393452,0.0976501456077356,0.0691750657355311,6.65,48.8308713718228,3.4308323164353,3.649333108089,105.600305350731,544.390619830925,4.11498973305955
"102",2018-05-31,"DENALI11.D","Crestline Denali Capital LP",2019-04-22,100.299997172186,0.0896000424172157,0.0630000395894013,5.45,46.6998514633939,3.68508,0.0139,106.843950139977,543.688478437915,0.892539356605065
"103",2018-05-30,"DENALI5.E1","Crestline Denali Capital LP",2022-04-20,101,0.0948,0.0673,6.35,69.5122,3.50263,2.8082,108.7494,542.6828,3.89048596851472
"104",2018-05-30,"DRYDEN28.B2LR","PGIM",2022-08-15,102.3,0.09045,0.06285,6.45,43.6871,3.2847,3.4155,108.0007,542.6828,4.21081451060917
"105",2018-05-31,"LCM_XV.ER","LCM Asset Management LLC",2022-07-20,102.039992647683,0.0935250275711902,0.0657250219155615,6.5,45.678699604106,3.10239,2.8826,106.609749939202,543.688478437915,4.13689253935661
"106",2018-06-04,"MRTHN5.DR","Marathon Asset Management LP",2019-11-21,98.8124929310637,0.0981251399649381,0.0710251102754058,5.75,34.944471338291,3.86734,1.0718,105.6556034044,544.324550418481,1.46475017111567
"107",2018-05-31,"OHACP_7.ER","Oak Hill Advisors LP",2020-11-20,102.249995758278,0.0969250247433758,0.0700250190877471,7.5,67.8984019229138,3.38624,1.4398,107.264050224811,543.688478437915,2.47501711156742
"108",2018-05-30,"OZLM_19.D","Och-Ziff Loan Management LP",2022-11-22,102.3,0.09445,0.0668,6.6,78.1223,3.48686,3.2113,108.3241,542.6828,4.48186173853525
"109",2018-05-31,"STLCK151.E1R","Steele Creek Investment Management",2021-05-21,102.415003251987,0.0936999915165568,0.0663999858609281,7.1,62.3425519780562,3.70744429290501,2.05800012442383,108.7543502135,543.688478437915,2.97330595482546
"110",2018-06-12,"VENT_13.ER","MJX Asset Management LLC",2021-09-10,100.840708144721,0.0992135602730768,0.0709104877313332,6.75,46.5511953701959,3.59278966950611,2.571169652482,105.476249999372,544.843905636174,3.24709103353867
"111",2018-06-01,"WLFLT161.ER","Littlejohn & Co. LLC",2020-04-20,100.247138170707,0.0895967177544018,0.0627633712249746,5.8,5693.40923164989,3.74302,1.3961,106.284467416959,544.055539716472,1.88637919233402
"112",2018-06-14,"APIDOS21.D","CVC Credit Partners LLC",2020-07-20,100.367831712248,0.090736728950109,0.0630082257315319,5.55,60.9372246716539,3.23743,1.1546,107.604844786347,545.238694060563,2.09993155373032
"113",2018-06-01,"CGMS16-2.D2","Carlyle Investment Management LLC",2021-01-15,100.630554690994,0.0983666829085254,0.0709166758393892,6.45,100.81570151845,3.63364,1.3972,108.554950123003,544.741851350205,2.62559890485969
"114",2018-06-01,"CIFC15-2.ER","CIFC Asset Management LLC",2019-04-15,100.27000155521,0.0898733216157218,0.0633033207674254,5.3,61.22300338753,3.48645480248834,0.0858458023469532,107.114600387389,544.741851350205,0.870636550308008
"115",2018-06-01,"GALAXY15.ER","PineBridge Investments LLC",2022-10-17,101.71766418609,0.0971900200763467,0.0689400130072105,6.645,46.933249647957,3.07933,3.5487,106.316649953344,544.741851350205,4.37782340862423
"116",2018-05-31,"ICG14_1.DR","Intermediate Capital Group plc",2022-01-20,101.91111111,0.09341111,0.06571111,6.49,31.5126,3.46065,2.6268,106.8543,544.6941,3.64134154688569
"117",2018-06-01,"SOUNDPT7.E","Sound Point Capital Management LP",2019-01-23,100.189663846771,0.0855267236267496,0.0600633925898487,4.85,47.255103780574,3.87149,0.0171,106.773700429803,544.741851350205,0.646132785763176
"118",2018-06-01,"VENT_19.E","MJX Asset Management LLC",2018-12-15,100.190030251914,0.0942334019211084,0.0692700658843489,5.3,51.1150025166125,3.79841,-0.2097,105.682400282765,544.741851350205,0.539356605065024
"119",2018-06-01,"CATA14-1.DR","Trimaran Advisors LLC",2022-10-20,101.8,0.0983,0.0699,6.78,47.3786,3.53577,3.3712,106.2576,544.7896,4.38603696098563
"120",2018-06-14,"APIDOS28.D","CVC Credit Partners LLC",2023-01-20,100.910735049499,0.094735758466433,0.0655643109768899,5.5,77.1870786066116,3.46691,3.3379,108.740838459489,545.380575186932,4.60232717316906
"121",2018-06-08,"ECP_15-7.DR","Man Group plc",2023-04-20,98.330587331115,0.0993832507302365,0.0704832544991991,5.9,50.9835830434373,3.24775,3.4432,106.578235149345,545.171671078866,4.86516084873374
"122",2018-06-04,"KKR13-1.DR","KKR Financial Advisors LLC",2022-04-18,100.65,0.0951,0.0663,6.08,54.656,3.23091,2.9335,107.2253,545.1314,3.87132101300479
"123",2018-06-04,"NRTHWD16.E","Angelo, Gordon & Company LP",2022-11-15,101.03333333,0.096,0.06703333,6.45,79.4767,3.92119,3.3713,107.7231,545.1314,4.44900752908966
"124",2018-06-04,"VENT_14.ER","MJX Asset Management LLC",2021-08-30,101.41111111,0.09907778,0.07057778,7.08,40.5496,3.70873,2.5568,104.5376,545.1314,3.23887748117728
"125",2018-06-04,"VENT_28.E","MJX Asset Management LLC",2022-07-20,100.65,0.09568889,0.06682222,6.15,72.024,3.70842,3.0986,108.0059,545.1314,4.12594113620808
"126",2018-06-04,"VENT_28A.E","MJX Asset Management LLC",2021-10-20,100.65,0.09582222,0.06722222,6.16,75.6273,3.72445,1.9929,108.3889,545.1314,3.37850787132101
"127",2018-06-04,"VENT_29.E","MJX Asset Management LLC",2022-09-07,101.15,0.09346667,0.06456667,6.25,72.8009,3.7557,2.9517,108.3559,545.1314,4.26009582477755
"128",2018-06-04,"VOYA14-2.DR","Voya Investment Management (ING)",2022-04-18,100.9625,0.0965,0.0677,6.3,42.2667,3.26831,2.7952,106.4246,545.1314,3.87132101300479
"129",2018-06-06,"ALM_V.DR3","Apollo Credit Management LLC",2019-10-18,100.23,0.0886,0.0611,5.25,44.0013,3.58785,1.0166,106.8999,544.9582,1.36618754277892
"130",2018-06-06,"ALM_X.DR","Apollo Credit Management LLC",2022-07-15,102.15,0.0952,0.0662,6.5,67.367,3.58138,3.3443,107.0442,544.9582,4.10677618069815
"131",2018-06-06,"AMMC_XII.ER","American Money Management Corporation",2022-11-10,100.33,0.0955,0.0664,6.18,33.5139,3.17605,3.8875,105.7005,544.9582,4.42984257357974
"133",2018-06-06,"BRISTLPK.E","GSO / Blackstone Debt Funds Management",2022-01-18,103.56,0.0982,0.0694,7.25,70.5997,3.42347,2.4306,107.627,544.9582,3.61943874058864
"134",2018-06-06,"BURNHPK.E","GSO / Blackstone Debt Funds Management",2021-10-20,101.65,0.0998,0.0711,6.85,73.9847,3.39905,2.0783,107.615,544.9582,3.37303216974675
"135",2018-06-06,"CATA13-1.ER","Trimaran Advisors LLC",2020-01-27,99.36666667,0.09713333,0.06961111,5.6,39.0789,3.39336,0.7514,106.1985,544.9582,1.64271047227926
"136",2018-06-07,"DEWOLFPK.E","GSO / Blackstone Debt Funds Management",2022-10-17,102.344440361996,0.0914166786624078,0.0625944649438901,6.2,75.217550069254,3.5055,2.9346,108.383500087628,545.02840198434,4.36139630390144
"137",2018-06-06,"DRYDEN33.ER","PGIM",2021-10-15,102.78,0.1036,0.0749,7.54,69.0239,3.23097,0.3244,107.2737,544.9582,3.35934291581109
"138",2018-06-07,"DRYDEN54.E","PGIM",2022-10-19,101.763885670708,0.0930277905215253,0.0641777975882636,6.2,75.3343001611216,3.38375,3.2515,108.193600110241,545.02840198434,4.3668720054757
"139",2018-06-07,"EVCLO151.ER","Eaton Vance Management",2023-01-20,99.4722230051932,0.0928,0.0639000056533906,5.6,60.2982989173757,3.0865,3.785,107.4501,545.02840198434,4.62149212867899
"140",2018-06-06,"ICG16_1.D","Intermediate Capital Group plc",2020-07-29,100.59,0.1015,0.0738,6.75,78.7243,3.50893,1.1599,108.0757,544.9582,2.14647501711157
"141",2018-06-06,"JFIN2016.E","Jefferies Finance LLC",2020-07-27,100.6,0.1071,0.0793,7.2,82.0159,3.77121,1.3278,106.8568,544.9582,2.1409993155373
"142",2018-06-07,"MILOS.E","Invesco Inc.",2022-10-20,101.616663367189,0.0944000113067812,0.0655500183735195,6.3,74.7690003109365,3.17543,3.2361,108.0546,545.02840198434,4.36960985626283
"143",2018-06-06,"NB_XIV.ER","Neuberger Berman Fixed Income LLC",2022-01-28,101.58,0.095,0.0662,6.45,45.4537,3.16443,2.5413,106.6685,544.9582,3.64681724845996
"145",2018-06-06,"OCP17-14.D","Onex Credit Partners LLC",2022-11-21,99.85714286,0.09182857,0.06272857,5.8,222.7094,3.16968,2.9582,108.4757,544.9582,4.45995893223819
"146",2018-06-07,"PALMS152.DR","Palmer Square Capital Management LLC",2022-07-20,102.066670433927,0.0951277707346581,0.0662777749747011,6.5,78.4381003363767,3.23336,2.9736,108.84330000848,545.02840198434,4.11772758384668
"147",2018-06-06,"PARA15-1.E","DoubleLine Capital LP",2019-10-21,99.9105,0.0899,0.0624,5.15,52.6184,3.59933,0.089,107.323,544.9582,1.37440109514031
"148",2018-06-06,"SOUNDP12.E","Sound Point Capital Management LP",2020-10-20,101.5,0.0941,0.0661,6.4,75.9167,3.6302,1.1131,108.6322,544.9582,2.37371663244353
"149",2018-06-14,"STLC141R.E","Steele Creek Investment Management",2022-04-21,99.5923553153616,0.096827866468488,0.0679267289684409,5.75,57.9201042016015,3.66646,3.038,107.054030898728,545.332673507301,3.85215605749487
"150",2018-06-08,"SYMPH_16.E","Symphony Asset Management LLC",2020-07-15,100.263750635988,0.0901000113064616,0.0624000113064617,5.45,56.3150113743004,3.3619,1.7184,107.493200989315,545.121609237379,2.10266940451745
"151",2018-06-06,"SYMPH_9.ER","Symphony Asset Management LLC",2020-10-16,101.71,0.1027,0.0748,7.18,51.4837,3.30592,1.3636,106.0679,544.9582,2.362765229295
"152",2018-06-06,"TELO13-3.ER","Telos Asset Management LLC (AKA Tricadia CDO Management LLC)",2019-07-17,100.15,0.1094,0.0819,6.75,43.2701,3.94027,0.6248,104.8229,544.9582,1.11156741957563
"153",2018-06-06,"THAYERPK.D","GSO / Blackstone Debt Funds Management",2022-04-20,98.5006,0.1022,0.0733,6.1,69.002,3.43036,2.7339,108.1928,544.9582,3.87132101300479
"154",2018-06-06,"TICPCLO6.E","TPG Capital",2021-01-15,101.83,0.0951,0.0669,6.55,71.61,3.18486,1.416,108.3637,544.9582,2.61190965092402
"155",2018-06-06,"VENT_17.ERR","MJX Asset Management LLC",2020-04-15,99.7716,0.0971,0.0695,5.74,43.4311,3.6701,1.0529,106.2139,544.9582,1.8590006844627
"156",2018-06-06,"YORKCLO1.E","York CLO Managed Holdings LLC",2019-01-22,100.5,0.0904,0.0649,5.45,65.024,3.3425,0.0955,107.7298,544.9582,0.629705681040383
"157",2018-06-07,"VOYA15-3.D2","Voya Investment Management (ING)",2020-10-20,100.5,0.0884,0.0606,5.45,63.63,3.25371,1.1671,107.134,545.0986,2.3709787816564
"158",2018-06-12,"AMMC_16.ER","American Money Management Corporation",2021-04-14,100.57142857,0.09647143,0.06787143,6.06,55.572,3.19334,2.0186,105.3564,545.5441,2.83915126625599
"159",2018-06-12,"BABS15-I.ER","Barings LLC (fka Babson Capital Management)",2023-01-20,98.68571429,0.09471429,0.0655,5.5,42.2651,3.44711,3.3914,105.9544,545.5441,4.60780287474333
"160",2018-06-12,"CCP_14-1.DR","Canyon Capital Advisors LLC",2023-01-30,98.80357143,0.09385,0.0646,5.5,43.8,3.22881,4.0455,106.3859,545.5441,4.63518138261465
"161",2018-06-12,"DRYDEN37.ER","PGIM",2023-01-17,98.2,0.09211429,0.06285714,5.15,68.0519,3.296,3.7808,107.9325,545.5441,4.59958932238193
"163",2018-06-12,"SOUNDP15.E","Sound Point Capital Management LP",2021-04-23,100.93416667,0.09301667,0.064375,5.96,74.8044,3.62919,1.8593,108.3245,545.5441,2.86379192334018
"164",2018-06-12,"SOUNDP16.E","Sound Point Capital Management LP",2022-07-25,100.84,0.09489167,0.06579167,6.1,79.8761,3.75065,2.5723,108.4651,545.5441,4.11772758384668
"165",2018-06-12,"SOUNDPT2.B2R","Sound Point Capital Management LP",2023-01-26,98.67,0.09391667,0.06469167,5.5,43.9221,3.61314,3.7453,108.1871,545.5441,4.62422997946612
"166",2018-06-12,"TICPCLO9.E","TPG Capital",2023-01-20,98.54285714,0.10087143,0.07157143,5.6,73.8903,3.16428,3.2642,108.6339,545.5441,4.60780287474333
"167",2018-06-12,"TRYON_PK.DR","GSO / Blackstone Debt Funds Management",2021-04-15,103.54285714,0.08247143,0.05387143,5.95,22.9247,3.17204,2.5249,106.0074,545.5441,2.84188911704312
"168",2018-06-12,"WLFLT172.D","Littlejohn & Co. LLC",2021-10-20,102.28083333,0.097325,0.06845833,6.75,78.6923,3.58497,2.0599,107.9314,545.5441,3.35660506502396
"169",2018-06-14,"DRYDEN26.ER","PGIM",2021-04-15,99.8499985872114,0.0931000056511542,0.0642500070639428,5.54,29.5589,3.12949,2.3937,107.457899666582,545.667500915487,2.83641341546886
"170",2018-06-13,"MADPK30.E","Credit Suisse Asset Management",2021-04-15,95.33333333,0.10746667,0.07863333,4.95,87.4104144062115,3.38887,1.8711,108.9779,545.6351,2.83915126625599
"171",2018-06-14,"VENT_29.E","MJX Asset Management LLC",2022-09-07,100.884997598259,0.0952600067813851,0.0659400101720777,6.25,73.1041,3.74543,3.0392,108.346399545082,545.667500915487,4.23271731690623
"173",2018-06-14,"ASSUR2.E","Assurant CLO Management, LLC",2023-04-20,98.66666667,0.0959,0.0666,5.6,84.751528231326,3.30734,3.0517,108.6311,545.6999,4.84873374401095
"176",2018-06-14,"CROWNPT4.E","Valcour Capital Management LLC",2023-04-20,95.66666667,0.10512222,0.07581111,5.5,78.0748213750181,3.37432,3.295,106.9289,545.6999,4.84873374401095
"179",2018-06-14,"VOYA15-1.DR","Voya Investment Management (ING)",2021-01-19,100.8,0.0907,0.0621,5.65,49.3665,3.2456,1.4192,106.4354,545.6999,2.6009582477755
"180",2018-06-14,"ZAIS_7.E","ZAIS Group Inc.",2022-04-18,101.75,0.1049,0.0758,7.15,67.1965,4.13752,2.6363,107.62,545.6999,3.84394250513347
"181",2018-06-19,"APIDOS21.D","CVC Credit Partners LLC",2020-07-20,100.299998587611,0.0928000112991158,0.0648500127115053,5.55,59.2837296884269,3.23743,1.1546,107.46079871755,546.293205519618,2.08624229979466
"182",2018-06-21,"APIDOS28.D","CVC Credit Partners LLC",2023-01-20,100.812494703839,0.0959500240092648,0.0669250261277293,5.5,75.423753721436,3.46691,3.3379,108.552547987459,546.4414618747,4.58316221765914
"183",2018-06-19,"MIDOCN2.ER","MidOcean Credit Fund Management LP",2022-01-31,98.8083279208404,0.103466683831813,0.0745916873627864,6.2,44.3965769215559,3.51296,2.7332,106.497948329143,546.293205519618,3.61943874058864
"184",2018-06-21,"MRTHN10.D","Marathon Asset Management LP",2021-11-15,99.5624947038387,0.101650031070813,0.0728750303646584,6.37,71.5911568850098,3.76569,2.5595,107.705023074316,546.4414618747,3.4031485284052
"185",2018-06-19,"MRTHN6.DR2","Marathon Asset Management LP",2020-05-13,98.2000056495579,0.109772188142708,0.0819221895550973,6.15,30.8615910962967,3.9125,2.091,104.330749114432,546.293205519618,1.90006844626968
"187",2018-06-21,"TCWR13-1.DR","THL Credit Senior Loan Strategies LLC",2022-07-20,99.8124947038387,0.101450024009265,0.0725000282461938,6.3,44.1331304465723,3.59176,3.2977,105.458348231788,546.4414618747,4.07939767282683
"188",2018-06-19,"TRINITA7.E","Triumph Capital Advisors LLC",2022-07-25,99.6111001247485,0.101350038134516,0.072427820331629,6.28,67.41228076608,3.55503,2.7706,107.737998562188,546.293205519618,4.09856262833676
"189",2018-06-19,"CIFC15-3.ER","CIFC Asset Management LLC",2021-04-19,98.8,0.0916,0.0632,4.95,51.5287,3.41945,2.6788,107.5808,546.4886,2.83367556468172
"190",2018-06-20,"STLC141R.E","Steele Creek Investment Management",2022-04-21,99.525,0.0981,0.069,5.75,57.8166,3.66646,3.038,106.8968,546.5373,3.83572895277207
"191",2018-06-20,"VENT_13.ER","MJX Asset Management LLC",2021-09-10,100.6,0.0993,0.0704,6.75,45.6649,3.58842,2.5803,105.3318,546.5373,3.22518822724162
"192",2018-06-20,"ZAIS_7.E","ZAIS Group Inc.",2022-04-18,101.5,0.1063,0.0773,7.15,65.1689,4.13752,2.6363,107.47,546.5373,3.82751540041068
"193",2018-06-21,"CW_15-I.E","Cutwater Investor Services",2019-07-15,100.4625,0.1011625,0.0734625,6,56.2164,4.20274,0.0565,107.5027,546.6421,1.06502395619439
"194",2018-06-21,"HILDENE4.D","Fortress Investment Group LLC",2019-07-23,100.467875,0.0928375,0.0650875,5.5,67.3655,3.95211,0.3805,107.553,546.6421,1.08692676249144
"195",2018-06-21,"JEFFMILL.E","Shenkman Capital Management Inc.",2020-07-20,99.7425,0.0967,0.0688,5.6,49.407,3.25256,1.0926,106.7914,546.6421,2.0807665982204
"196",2018-06-21,"ZAIS_1.D","ZAIS Group Inc.",2019-04-15,98.9,0.10745,0.08075,4.65,33.5681,4.09959,-0.5041,106.2413,546.6421,0.815879534565366
"197",2018-06-21,"ZAIS_3.D","ZAIS Group Inc.",2019-07-15,100.062875,0.102225,0.0745125,5.75,38.969,4.14816,0.4276,105.3772,546.6421,1.06502395619439
"202",2018-06-28,"CMBLDPK.ER","GSO / Blackstone Debt Funds Management",2020-04-20,100.454996753155,0.0941000225867472,0.0666500211750755,5.65,55.7736440752139,3.34857,1.004,107.090947615686,550.420851551427,1.81245722108145
"203",2018-06-28,"OAKT15-1.DR","OakTree Capital Management LLC",2019-10-21,99.7549987294955,0.096200014116717,0.068600014116717,5.2,71.2081438324063,3.24887,1.1552,107.914097571925,550.420851551427,1.31416837782341
"204",2018-06-28,"OZLM_12.D","Och-Ziff Loan Management LP",2020-04-30,99.3883961207262,0.0964500268217623,0.0689250247042548,5.4,50.3664942432028,3.45142,0.8301,106.811247991191,550.420851551427,1.83983572895277
"205",2018-06-28,"VENT_17.ERR","MJX Asset Management LLC",2020-04-15,98.5914979813095,0.108325016234225,0.080800014116717,5.74,40.9105955617042,3.67876,1.1232,105.791748293289,550.420851551427,1.79876796714579
"206",2018-07-02,"APIDOS28.D","CVC Credit Partners LLC",2023-01-20,100.75,0.0967,0.0679,5.5,71.8024,3.46691,3.3379,108.1626,551.8694,4.55304585900068
"208",2018-07-02,"MRTHN10.D","Marathon Asset Management LP",2021-11-15,99.5,0.1029,0.0743,6.37,68.6432,3.76569,2.5595,107.4006,551.8694,3.37303216974675
"209",2018-07-03,"OCP_14-5.DR","Onex Credit Partners LLC",2023-04-26,97.625,0.100299997177453,0.0715500014112732,5.7,30.22464962319,3.2531,4.1446,106.414700849586,552.269411290186,4.81314168377823
"210",2018-07-03,"STLC141R.E","Steele Creek Investment Management",2022-04-21,99.125,0.100249998588727,0.0716000028225465,5.75,54.742198238731,3.66646,3.038,106.68990078749,552.269411290186,3.80013689253936
"211",2018-07-02,"TCWR13-1.DR","THL Credit Senior Loan Strategies LLC",2022-07-20,99.75,0.1025,0.0736,6.3,42.0985,3.59176,3.2977,105.2403,551.8694,4.04928131416838
"212",2018-07-02,"TELO13-4.ER","Telos Asset Management LLC (AKA Tricadia CDO Management LLC)",2022-01-18,97.25,0.1159,0.08715,6.55,38.6111,4.03266,3.2075,104.7081,551.8694,3.5482546201232
"213",2018-07-03,"VENT_13.ER","MJX Asset Management LLC",2021-09-10,99.625,0.1042,0.0757000028225465,6.75,43.3432498066556,3.58842,2.5803,105.087250769144,552.269411290186,3.1895961670089
"214",2018-07-02,"VENT_14.ER","MJX Asset Management LLC",2021-08-30,99.75,0.10885,0.0802,7.08,37.156,3.69089,2.5597,104.1575,551.8694,3.16221765913758
"215",2018-07-03,"ZAIS_7.E","ZAIS Group Inc.",2022-04-18,100.125,0.111999997177454,0.0834000028225465,7.15,62.925600666121,4.13752,2.6363,107.226550311891,552.269411290186,3.79192334017796
"216",2018-07-12,"APIDOS28.D","CVC Credit Partners LLC",2023-01-20,99.8333051182213,0.0999334518368038,0.0712667738840923,5.5,72.6215751142712,3.46691,3.3379,108.826026928503,554.085,4.52566735112936
"217",2018-07-12,"MRTHN10.D","Marathon Asset Management LP",2021-11-15,99.5416737204447,0.103500011286045,0.0749666666666667,6.37,69.311155154901,3.76569,2.5595,108.908135291462,554.085,3.34565366187543
"218",2018-07-11,"TCWR13-1.DR","THL Credit Senior Loan Strategies LLC",2022-07-20,99.2012610887476,0.104816930326173,0.0761502530002633,6.3,42.7025957883451,3.59176,3.2977,104.327068274331,554.085,4.02464065708419
"219",2018-07-10,"GWOLF2.DR","Greywolf Capital Management LP",2021-10-15,99.28571429,0.10725714,0.07865714,6.35,40.484,3.2043,2.441,105.9822,554.085,3.2662559890486
"220",2018-07-10,"SARANAC3.ER","Canaras Capital Management, LLC",2022-05-15,100.8,0.1078,0.0792,7.5,16.1544,3.72827,3.4291,105.6252,554.085,3.8466803559206
"223",2018-07-10,"WLFLT151.ER","Littlejohn & Co. LLC",2019-10-21,99.4,0.11085,0.083,5.8,64.3939,3.83918,0.329,108.0488,554.085,1.28131416837782
"225",2018-07-11,"ECP_15-7.DR","Man Group plc",2023-04-20,94.28571429,0.11375714,0.08497143,5.9,48.3365,3.21546,3.4715,108.4293,554.085,4.77481177275838
"227",2018-07-11,"JTOWN_7.DR","3i Group plc",2019-07-25,98.51,0.11946,0.09165,5.45,45.7847,3.35232,0.1713,108.4214,554.085,1.03764544832307
"228",2018-07-11,"VOYA16-1.DR","Voya Investment Management (ING)",2023-01-20,96.463,0.09994,0.07123,5.25,70.0202,3.21193,3.6741,108.1214,554.085,4.5284052019165
"229",2018-07-12,"GALAXY24.E","PineBridge Investments LLC",2023-01-17,98.75,0.1036,0.0749,5.5,78.3241,3.02898,3.2073,108.7326,554.085,4.51745379876797
"230",2018-07-12,"VENT_14.ER","MJX Asset Management LLC",2021-08-30,100,0.109,0.0805,7.08,38.4086,3.69089,2.5597,106.8958,554.085,3.13483915126626
